No.,Output_Index,ID_Output,Output_Name,Output_Type,Value,
0,9,Y11,S1/out/00,b,0,
1,10,Y12,S1/out/01,b,0,
2,11,Y13,S1/out/02,b,0,
3,12,Y14,S1/out/03,b,0,
4,13,Y15,S1/out/04,b,0,
5,14,Y16,S1/out/05,b,0,
6,15,Y17,S1/out/06,b,0,
7,16,Y20,S1/out/07,b,0,
8,19,Y23,S1/out/08,b,0,
9,20,Y24,S1/out/09,b,0,
10,21,Y25,S1/out/10,b,0,
11,22,Y26,S1/out/11,b,0,
12,58,Y72,S1/out/12,b,0,
13,128,Y200,S1/out/13,b,0,x
14,129,Y201,S1/out/14,b,0,
15,130,Y202,S1/out/15,b,0,x
16,131,Y203,S1/out/16,b,0,
17,132,Y204,S1/out/17,b,0,x
18,133,Y205,S1/out/18,b,0,
